연번,소관명,세부사업명,본예산(백만원) 
1,강원도,FTA활용지원센터운영지원(국가직접지원),33 
2,강원도,창조경제혁신센터운영지원(국가직접지원),"2,355 "
3,강원도,소상공인창업및경영안정융자금이차보전추진,609 
4,강원도,안정적인물가관리,257 
5,강원도,유통업활성화추진,170 
6,강원도,재해소상공인이차보전추진,660 
7,강원도,전통시장시설현대화지원(전환),365 
8,강원도,전통시장안전관리지원,650 
9,강원도,특성화시장육성지원,"1,035 "
10,강원도,화재알림시설설치(국고),38 
11,강원도,관광사업체활성화지원,166 
12,강원도,강원경제선도중소기업발굴육성지원,234 
13,강원도,공예산업육성및브랜드화,91 
14,강원도,마케팅역량강화및제품경쟁력제고,524 
15,강원도,중소기업간네트워크구축및혁신활동지원,40 
16,강원도,중소기업경영활성화시책추진,"10,401 "
17,강원도,중소기업육성자금이차보전,"10,494 "
18,강원도,창업보육센터특성화육성,606 
19,강원도,특수목적지원자금운영,"32,000 "
20,강원도,축산물작업장위생설비개선지원,162 
21,강원도,강원바이오스타기업육성,150 
22,강원도,강원의료기기전시회개최지원,123 
23,강원도,마을기업육성,134 
24,강원도,마을기업육성(국고),455 
25,강원도,사회적경제육성기반구축,457 
26,강원도,사회적경제조직활성화추진,905 
27,강원도,사회적기업육성,113 
28,강원도,사회적기업육성(사업개발비-지역특화)(국고),360 
29,강원도,수산업가공산업육성(전환),47 
30,강원도,수산산업창업·투자지원사업,"1,500 "
31,강원도,식품위생업소시설개선융자사업,200 
32,강원도,유통식품및위생업소관리,"1,198 "
33,강원도,농식품산업기반구축,320 
34,강원도,강원도사회보험료지원,"16,448 "
35,강원도,생계형1인자영업자사회보험료지원,"2,480 "
36,강원도,취업촉진사업추진,"21,448 "
37,강원도,폐광지역이전기업등지원,"4,595 "
38,강원도,뿌리기술경쟁력강화지원,90 
39,강원도,스마트공장보급확산,703 
40,강원도,전략기반성장동력산업집중육성,"1,247 "
41,강원도,지역중소기업빅데이터활용지원사업,200 
42,강원도,스마트특성화기반구축(국가직접지원),600 
43,강원도,강원ICT신기술기업지원,110 
44,강원도,전자상거래활성화추진,"1,404 "
45,강원도,수출사업컨설팅지원,350 
46,강원도,해외규격인증획득지원,400 
47,강원도,지역산업마케팅지원(전환),"1,800 "
48,강원도,정규직일자리보조금지원사업,"1,000 "
49,강원도,청년일자리창업투자생태계조성사업(국고),"1,204 "
50,강원도,강원스타트업창업지원,"1,745 "
51,강원도,타시도이전기업보조금지원,"3,001 "
52,강원도,문화관광시장육성(국가직접지원),158 
53,강원도,청년몰조성사업(국가직접지원),234 
54,강원도,지역강소기업경쟁력강화사업,250 
55,강원도,마을기업컨설팅등지원(국고),520 
56,강원도,사회적경제혁신성장사업(국가직접지원),324 
57,강원도,전략기반성장동력산업집중육성(국가직접지원),"5,574 "
58,강원도,강원바이오유망기업육성,160 
59,강원도,강원소규모의료기기기업엑셀러레이팅지원,300 
60,강원도,공공구매활성화추진,239 
61,강원도,공예품대전운영,18 
62,강원도,품질경영활성화지원,29 
63,강원도,농수산식품수출경쟁력강화,"2,095 "
64,강원도,사회적기업육성(일자리창출)(국고),"5,398 "
65,강원도,사회적기업육성(사회보험료)(국고),358 
66,강원도,강원도정규직일자리취직지원,"49,700 "
67,경기도,동반성장사업추진(자체/직접),952 
68,경기도,경기도바이오기업R&DB종합지원(자체/직접),"1,475 "
69,경기도,경기도지역협력연구센터(GRRC)지원(자체/직접),"5,270 "
70,경기도,과학기술진흥지원,"2,495 "
71,경기도,기술개발사업(자체/직접),"5,000 "
72,경기도,기술닥터(자체/지원),"1,503 "
73,경기도,기술닥터(자체/직접),"1,080 "
74,경기도,소재·부품·장비산업자립화연구지원사업(자체/직접),"6,000 "
75,경기도,지식재산보호강화(자체/직접),850 
76,경기도,지식재산창출및창업지원(자체/직접),"2,300 "
77,경기도,테크노파크운영지원(자체/직접),"3,249 "
78,경기도,경기도차세대수소에너지실용화기술개발사업(자체/직접),"1,000 "
79,경기도,노동안전보건우수기업인증(자체/직접),175 
80,경기도,해외시장개척(자체/직접),700 
81,경기도,데이터산업육성지원(자체/직접),300 
82,경기도,반려동물산업창업지원(자체/직접),450 
83,경기도,3D프린팅기술지원(자체/직접),"1,560 "
84,경기도,VR/AR산업육성(자체/직접),"5,200 "
85,경기도,경기도로봇산업육성지원(자체/직접),610 
86,경기도,경기도형스마트공장구축지원(자체/직접),700 
87,경기도,드론산업육성지원(자체/직접),585 
88,경기도,뷰티산업육성지원(자체/직접),700 
89,경기도,여성창업지원(자체/직접),835 
90,경기도,북부중소기업수질개선지원사업(자체/지원),763 
91,경기도,중소기업청정연료전환사업(자체/지원),658 
92,경기도,경기도협동조합공유·협업모델지원(자체/직접),700 
93,경기도,공유기업발굴육성(자체/직접),600 
94,경기도,공정무역활성화지원(자체/직접),250 
95,경기도,마을기업육성(균특/직접),812 
96,경기도,사회적경제기업사업개발비지원(국비/지원),"3,233 "
97,경기도,사회적경제시장조성지원(자체/지원),100 
98,경기도,사회적경제조직공공수탁·이용지원(자체/직접),"1,000 "
99,경기도,사회적경제조직육성및지원,"4,650 "
100,경기도,물산업신기술실증화지원(자체/직접),350 
101,경기도,물산업해외마케팅지원및지방외교활성화(자체/직접),50 
102,경기도,1인소상공인고용보험료지원(자체/직접),690 
103,경기도,소상공인재창업지원(자체/직접),"1,000 "
104,경기도,경기취약소상공인자금지원(자체/직접),"2,500 "
105,경기도,소공인집적지구공동인프라구축및활성화(자체/지원),192 
106,경기도,푸드트럭활성화지원(자체/직접),90 
107,경기도,혁신소공인육성사업(자체/직접),600 
108,경기도,식품위생업소시설개선융자사업,"6,000 "
109,경기도,가족친화사회환경조성(자체/직접),160 
110,경기도,여성창업지원(자체/지원),63 
111,경기도,경기수출기업경쟁력강화(자체/직접),990 
112,경기도,경기우수상품해외전시회(해외G-FAIR)(자체/직접),"1,200 "
113,경기도,글로벌수출기업육성(자체/직접),600 
114,경기도,글로벌히트상품창출지원(자체/직접),"1,100 "
115,경기도,대한민국우수상품전시회(G-FAIRKOREA)(자체/직접),"1,200 "
116,경기도,수출기반강화(자체/직접),"1,330 "
117,경기도,온라인해외마케팅지원(자체/직접),900 
118,경기도,지역산업마케팅지원(전환)(자체/지원),427 
119,경기도,지역산업마케팅지원(전환)(자체/직접),350 
120,경기도,5060퇴직자일자리창출지원(자체/직접),570 
121,경기도,일자리우수기업인증및고용환경개선(자체/직접),796 
122,경기도,제조-서비스업융복합사업육성지원(자체/직접),270 
123,경기도,경기기술창업지원프로그램(자체/직접),"1,330 "
124,경기도,경기도대학생융합기술창업지원(자체/직접),580 
125,경기도,경기도창업플랫폼운영(자체/직접),330 
126,경기도,경기벤처창업지원센터운영지원(자체/직접),"1,700 "
127,경기도,기술이전창업지원(자체/직접),832 
128,경기도,스타트업랩운영지원(자체/직접),720 
129,경기도,시제품제작소설치운영(자체/직접),400 
130,경기도,재도전사업자지원(자체/직접),540 
131,경기도,지역맞춤형경제활성화(자체/직접),"1,500 "
132,경기도,창업보육센터운영지원(자체/직접),350 
133,경기도,경기도1인크리에이터사업(자체/직접),"1,350 "
134,경기도,고양경기문화창조허브운영(전환)(자체/직접),"1,000 "
135,경기도,광명경기문화창조허브운영,"1,000 "
136,경기도,북부경기문화창조허브운영(자체/직접),"1,800 "
137,경기도,판교경기문화창조허브운영(자체/직접),"1,500 "
138,경기도,글로벌기업과의상생협력을위한부품국산화지원사업(자체/직접),"1,370 "
139,경기도,글로벌비즈니스기업매칭사업(자체/직접),320 
140,경기도,가구기업제품개발및마케팅지원(자체/직접),770 
141,경기도,가구융복합디자인지원(자체/직접),172 
142,경기도,가구인증사업지원(자체/직접),150 
143,경기도,개성공단입주기업판로지원(자체/직접),150 
144,경기도,경기도중소기업해외유통망진출지원(자체/직접),"1,000 "
145,경기도,경기도청년기업판로지원사업(자체/직접),200 
146,경기도,경기신용보증재단출연금(자체/직접),"10,000 "
147,경기도,경기행복샵입점지원(자체/직접),500 
148,경기도,뿌리기업경쟁력강화지원(자체/지원),650 
149,경기도,섬유가구전시회참가지원(자체/직접),625 
150,경기도,섬유기업현장기술돌봄이지원(자체/지원),170 
151,경기도,섬유기업활성화지원(자체/직접),"1,085 "
152,경기도,섬유디자인패션사업(자체/직접),200 
153,경기도,섬유마케팅활성화지원(자체/직접),"1,800 "
154,경기도,섬유분야연구개발지원사업(자체/직접),750 
155,경기도,섬유종합지원센터운영지원(자체/지원),800 
156,경기도,소규모기업환경개선사업(자체/지원),"5,500 "
157,경기도,우수여성기업선정및지원(자체/직접),140 
158,경기도,우수중소기업증시상장지원(자체/직접),150 
159,경기도,유망중소기업선정및역량강화지원(자체/직접),600 
160,경기도,중소기업마케팅다양화지원(자체/직접),"2,000 "
161,경기도,중소기업온·오프라인판로지원(자체/직접),"2,100 "
162,경기도,중소기업운전자금지원,"223,300 "
163,경기도,중소기업제품디자인개발지원(자체/직접),730 
164,경기도,중소기업제품홈쇼핑방송지원(자체/직접),800 
165,경기도,중소기업협동조합활성화지원(자체/직접),270 
166,경기도,지방강소기업육성프로젝트(자체/직접),"2,500 "
167,경기도,창업및경쟁력강화자금지원,"232,000 "
168,경기도,코리아나라장터엑스포(자체/직접),186 
169,경기도,품질경영활동지원(자체/직접),250 
170,경기도,개성공단기업지원(자체/직접),200 
171,경기도,소규모사업장방지시설지원사업(국비/지원),"80,915 "
172,경기도,악취방지시설설치및개선사업(자체/지원),282 
173,경기도,사업장대기방지시설유지관리지원(자체/지원),590 
174,경기도,사회적경제환경기업지원,100 
175,경기도,유망환경기업지정및지원(자체/직접),200 
176,경기도,중소기업환경보전사업지원,"3,650 "
177,경기도,환경산업해외협력및공동마케팅(자체/직접),82 
178,경기도,게임산업육성(자체/직접),"2,000 "
179,경기도,FTA활용지원(자체/직접),770 
180,경기도,수출기업온라인전시회(자체/직접),450 
181,경기도,경기K-의료·바이오유망기업해외진출지원(자체/직접),400 
182,경기도,온라인수출상담화상서비스지원(자체/직접),130 
183,경기도,크라우드펀딩연계스타트업지원(자체/직접),"1,200 "
184,경기도,경기스타트업플랫폼연계형기술창업지원사업(자체/직접),300 
185,경기도,경기스타트업공정M&A지원(자체/직접),"1,000 "
186,경기도,사회적가치생산품홍보및판로지원(자체/직접),"1,140 "
187,경기도,사회적기업일자리창출지원(균특/지원),"11,345 "
188,경기도,국내·외천연물및합성물소재개발(자체/직접),"1,330 "
189,경상남도,승강기산업사업화기술지원사업,200 
190,경상남도,굴뚝자동측정기기설치운영관리비지원,294 
191,경상남도,농산물가공산업지원,320 
192,경상남도,수출농가(업체)지원(보조),515 
193,경상남도,경남문화콘텐츠산업기반구축및활성화,320 
194,경상남도,공예조합육성,152 
195,경상남도,공예품개발지원,10 
196,경상남도,마을기업육성(지원),436 
197,경상남도,사회보험료지원사업,444 
198,경상남도,사회적기업시설장비지원사업,80 
199,경상남도,사회적기업육성(일자리창출),"4,969 "
200,경상남도,사업개발비공모사업(지원),899 
201,경상남도,사업개발비지역특화사업(직접),298 
202,경상남도,협동조합활성화지원,50 
203,경상남도,스마트공장보급확산,"10,050 "
204,경상남도,지역SW기업성장지원,288 
205,경상남도,1시장1특화육성사업,250 
206,경상남도,1인자영업자고용보험가입지원,290 
207,경상남도,소상공인온라인입점지원,200 
208,경상남도,경남신용보증재단기본재산출연,"3,000 "
209,경상남도,소상공인골목상권활력사업,300 
210,경상남도,소상공인소규모경영환경개선지원,"1,600 "
211,경상남도,소상공인신용보증수수료지원,334 
212,경상남도,소상공인정책자금이차보전지원,"3,000 "
213,경상남도,소상공인창업성공사다리지원,50 
214,경상남도,소상공인협업화지원,100 
215,경상남도,전통시장시설현대화지원(전환),"3,242 "
216,경상남도,전통시장화재공제지원,90 
217,경상남도,특화전통시장육성지원,365 
218,경상남도,시설개선융자,500 
219,경상남도,경남수소산업기업지원사업,200 
220,경상남도,전자빔을이용한나노제품고급화지원사업,200 
221,경상남도,중소기업R&D사업화지원센터지원사업,500 
222,경상남도,중소기업기술고도화사업,120 
223,경상남도,지역맞춤형기초원천기술사업화지원사업,200 
224,경상남도,지역주력산업의세라믹융복합첨단화사업,200 
225,경상남도,품질경영지원사업,40 
226,경상남도,신재생에너지기술선도유망기업지원,200 
227,경상남도,원전산업경쟁력강화지원,155 
228,경상남도,원전해체기술개발지원사업,300 
229,경상남도,중소기업에너지진단·개선지원사업,300 
230,경상남도,경남스타트업청년채용연계사업,"4,172 "
231,경상남도,경남중소기업청년활력사업,"3,211 "
232,경상남도,경남형트랙사업활성화지원,510 
233,경상남도,고용우수기업인증제추진,212 
234,경상남도,채용박람회개최및지원,80 
235,경상남도,경남항공산업지원단운영,200 
236,경상남도,연구개발장비공동활용지원,200 
237,경상남도,제조로봇적용뿌리산업공정개발지원(국가직접지원),"1,000 "
238,경상남도,조선해양기자재친환경스마트화기술지원,270 
239,경상남도,조선해양플랜트기자재성능시험인증비용지원,150 
240,경상남도,지역산업마케팅지원(벤더등록)(전환),400 
241,경상남도,해양조선산업대-중소기업동반성장기업지원,200 
242,경상남도,해양플랜트복합소재및위험감지·예방시스템개발,200 
243,경상남도,경남중소·벤처기업판로지원사업,80 
244,경상남도,경남창업투자펀드조성,"1,000 "
245,경상남도,경남형스타트업액셀러레이팅,400 
246,경상남도,경남형재창업지원사업,200 
247,경상남도,기업인단체교류협력사업,10 
248,경상남도,소규모기업환경개선사업,730 
249,경상남도,여성기업활동촉진사업,80 
250,경상남도,중소기업녹색인증컨설팅지원사업,30 
251,경상남도,중소기업디자인개발지원사업,90 
252,경상남도,중소기업육성자금이차보전금지원,"19,000 "
253,경상남도,중소기업제품TV홈쇼핑입점지원사업,75 
254,경상남도,중소기업제품공공구매확대,10 
255,경상남도,지역산업맞춤형일자리창출지원사업(공모),"3,180 "
256,경상남도,"지역주도형청년일자리사업
-경남스타트업아이디어고도화지원사업
-경남청년산업디자이너육성프로젝트","1,182 "
257,경상남도,창업기업신규고용인력보조금지원,300 
258,경상남도,크라우드펀딩지원사업,100 
259,경상남도,팁스프로그램운영지원,300 
260,경상남도,경남산품판로개척,300 
261,경상남도,기업수출역량제고,897 
262,경상남도,기업투자촉진보조,438 
263,경상남도,부지매입비융자지원,"5,112 "
264,경상남도,지방투자촉진,"4,639 "
265,경상남도,지역산업마케팅지원(아시아마케팅)(전환),200 
266,경상남도,지역산업마케팅지원(해외마케팅)(전환),"1,100 "
267,경상남도,중소기업수출역량강화지원,565 
268,경상남도,의료기기업종전환취업연계게이트웨이사업,330 
269,경상남도,항노화바이오미래선도기술산업화지원사업,250 
270,경상남도,항노화바이오천연물소재응용기술개발사업,250 
271,경상남도,경남추천상품(QC)수산물활성화지원,33 
272,경상남도,수산물가공공장스마트화지원,177 
273,경상남도,수산물브랜드및수출상품화지원사업,70 
274,경상남도,수산박람회참가지원,18 
275,경상남도,수출주력품종시장개척,18 
276,경상남도,수출주력품종육성지원,141 
277,경상남도,사회적경제혁신성장사업(국가직접지원),324 
278,경상남도,지역SW서비스사업화지원(국가직접지원),50 
279,경상남도,지역SW품질역량강화사업(국가직접지원),31 
280,경상남도,지역특화산업육성기업지원사업(국가직접지원),633 
281,경상남도,전통시장인식개선사업(국가직접지원),25 
282,경상남도,경남국방벤처센터운영,300 
283,경상남도,스마트공장용중소기업보급형로봇개발지원(국가직접지원),720 
284,경상남도,주력산업(지능형기계)육성지원(국가직접지원),628 
285,경상남도,혁신도시공공기관연계육성사업(국가직접지원),472 
286,경상남도,경남창조경제혁신센터운영지원(국가직접지원),"1,850 "
287,경상남도,경상남도창업보육센터운영,100 
288,경상남도,글로벌강소기업육성사업,600 
289,경상남도,중장년기술창업센터운영지원,60 
290,경상남도,지역스타기업육성및산업기술단지Post-BI특화지원사업(국가직접지원),"2,292 "
291,경상남도,지역지식재산창출지원(국가직접지원),"1,140 "
292,경상남도,창업도약패키지지원사업(국가직접지원),400 
293,경상남도,창업보육센터운영·지원(국가직접지원),500 
294,경상남도,초기창업패키지지원사업(국가직접지원),210 
295,경상남도,FTA활용지원(국가직접지원),150 
296,경상남도,진주뿌리기술지원센터애로기술지원사업,120 
297,경상남도,주력산업(나노융합부품)육성지원(국가직접지원),750 
298,경상남도,R&D센터활성화정책자금지원,400 
299,경상남도,경남청년장인프로젝트,"4,026 "
300,경상남도,경남상생공제사업,"2,526 "
301,경상남도,사회적경제기금운용,"2,410 "
302,경상남도,서비스로봇산업육성지원,200 
303,경상남도,경남수출새싹기업지원(국가직접지원),86 
304,경상남도,의료기기·의료용품기술개발및사업화지원,140 
305,경상남도,경남디자인주도제조혁신지원사업(국가직접지원),"1,000 "
306,경상남도,비대면영상디자인제작지원사업,200 
307,경상남도,로컬디자이너역량강화지원사업,100 
308,경상남도,동남권뉴딜혁신창업지원펀드조성,500 
309,경상남도,창업투자유치역량강화지원사업,100 
310,경상남도,투자연계형사업화지원사업,200 
311,경상남도,경남창업지원플랫폼운영지원,10 
312,경상남도,중소기업매출채권보험료지원,500 
313,경상남도,소상공인스마트상권조성지원,380 
314,경상남도,소상공인희망드림패키지사업,"1,520 "
315,경상남도,경남청년친화기업선정지원,700 
316,경상북도,4차산업혁명핵심기술개발사업,"1,200 "
317,경상북도,지역SW산업성장지원,199 
318,경상북도,경북행복경제산학연혁신플랫폼지원사업,230 
319,경상북도,지능로봇산업육성지원,280 
320,경상북도,지역연구마을등유망벤처기업청년인재매칭사업,36 
321,경상북도,농식품가공산업육성,490 
322,경상북도,농식품가공업체수출경쟁력제고,33 
323,경상북도,농식품대외경쟁력확보,70 
324,경상북도,수출기업발굴및육성,23 
325,경상북도,6차산업경영체활성화지원,568 
326,경상북도,공공기관연관산업기업유치및지원사업,180 
327,경상북도,물산업해외마케팅지원,245 
328,경상북도,문화콘텐츠발굴육성,616 
329,경상북도,문화상품개발육성,780 
330,경상북도,전통시장5일장육성사업,676 
331,경상북도,전통시장시설현대화사업지원(전환사업),"4,256 "
332,경상북도,전통시장화재안전지원,271 
333,경상북도,전통시장활력화지원,98 
334,경상북도,전통시장활성화추진,761 
335,경상북도,글로벌코스메틱활성화지원사업,"1,222 "
336,경상북도,신약개발프로젝트추진,200 
337,경상북도,전자의료기기부품소재산업육성지원,200 
338,경상북도,차세대그린백신상용화실증지원사업,200 
339,경상북도,마을기업육성사업,783 
340,경상북도,마을기업육성사업(교육컨설팅지원),556 
341,경상북도,사회적경제육성,"1,685 "
342,경상북도,사회적기업등일자리창출사업,"10,442 "
343,경상북도,사회적기업사업개발비지원사업,"1,534 "
344,경상북도,사회적기업사회보험료지원사업,624 
345,경상북도,경북동해안철강벨트경쟁력강화사업,200 
346,경상북도,산업기술국제협력네트워킹프로그램,300 
347,경상북도,섬유수출상담회개최지원,100 
348,경상북도,자동차부품산업경쟁력강화지원,400 
349,경상북도,전략산업선도기업육성사업,975 
350,경상북도,위생시설개선자금융자사업,"2,000 "
351,경상북도,무역아카데미운영,30 
352,경상북도,수출지원정책강화추진,"1,413 "
353,경상북도,중소기업수출지원사업,650 
354,경상북도,지역경제활성화추진,64 
355,경상북도,지역산업마케팅,"4,000 "
356,경상북도,해외상설전시판매장운영,150 
357,경상북도,창업활성화를통한일자리창출,"2,829 "
358,경상북도,착한가격업소지원,160 
359,경상북도,경북PRIDE기업글로벌마케팅지원,900 
360,경상북도,경북신용보증재단기본재산조성,"40,000 "
361,경상북도,경상북도디자인산업육성,452 
362,경상북도,경상북도향토뿌리기업육성,154 
363,경상북도,벤처기업경쟁력강화,710 
364,경상북도,벤처기업인프라지원,140 
365,경상북도,벤처기업자금지원,"2,100 "
366,경상북도,벤처창업붐조성,415 
367,경상북도,소상공인육성자금지원업체이차보전,"2,000 "
368,경상북도,운전자금이차보전지원사업,"27,900 "
369,경상북도,중소기업공동브랜드홍보및판로개척,"4,200 "
370,경상북도,중소기업공제사업기금이차보전,45 
371,경상북도,중소기업기술지원사업,"1,044 "
372,경상북도,중소기업역량강화지원,117 
373,경상북도,중소기업청년일자리지원사업,"9,363 "
374,경상북도,창업및경쟁력강화사업,"1,600 "
375,경상북도,품질경영분임조활성화지원,51 
376,경상북도,고졸청년희망사다리사업,"1,672 "
377,경상북도,도시청년지역상생고용사업,320 
378,경상북도,중소기업정규직프로젝트,960 
379,경상북도,창업기업일자리사업,"2,438 "
380,경상북도,청년고용분위기조성,901 
381,경상북도,청년기업일자리사업,"1,064 "
382,경상북도,지방투자촉진보조금지원사업,"7,535 "
383,경상북도,수산물산지가공시설,780 
384,경상북도,수산박람회참가경비지원,30 
385,경상북도,수산산업창업투자지원,"1,500 "
386,경상북도,굴뚝원격감시체계구축,159 
387,경상북도,소규모영세사업장방지시설지원,"16,120 "
388,경상북도,화학물질취급사업장시설개선사업지원,150 
389,경상북도,경북지역기반게임산업육성사업(국가직접),420 
390,경상북도,IT여성취창업지원사업(국가직접),50 
391,경상북도,지역SW품질역량강화사업(국가직접),75 
392,경상북도,대경공동기술지주회사창업기업지원(국가직접),375 
393,경상북도,스마트공장보급지원(국가직접),"3,300 "
394,경상북도,전통시장우수상품전시회(국가직접),100 
395,경상북도,전통시장장보기배송서비스지원(국가직접),16 
396,경상북도,특성화시장육성사업(국가직접),293 
397,경상북도,사회적경제혁신성장(국가직접),324 
398,경상북도,기술거래촉진네트워크사업(국가직접),200 
399,경상북도,지역지식재산창출지원사업(국가직접),"2,240 "
400,경상북도,지역특화산업육성사업(국가직접),"7,971 "
401,경상북도,글로벌강소기업경쟁력강화사업(국가직접),400 
402,경상북도,1인창조기업지원센터(국가직접),50 
403,경상북도,소상공인지원사업,"1,952 "
404,경상북도,1인문화콘텐츠창조기업지원사업(국가직접),30 
405,경상북도,미래지능형자동차부품산업청년인재지원사업,387 
406,경상북도,경북청년강소기업포스트코로나일자리이음프로젝트,"3,734 "
407,경상북도,포스트코로나대응형경북미래주력산업청년일자리지원사업,"5,660 "
408,경상북도,경북형스마트뉴딜전략산업및청년인재뱅크상생지원사업,"5,608 "
409,경상북도,경북형비대면일자리창출지원사업,"1,112 "
410,경상북도,경북청년연구기술인재일자리창출사업,"2,936 "
411,경상북도,언택트산업분야청년일자리지원사업,"2,893 "
412,경상북도,여성경제인대회개최지원,18 
413,경상북도,여성기업마케팅사업지원,25 
414,광주광역시,강소기업육성,"1,705 "
415,광주광역시,구조고도화자금지원,"49,918 "
416,광주광역시,기업활동촉진지원,232 
417,광주광역시,인쇄출판산업체역량강화지원(국가직접지원),303 
418,광주광역시,무역인육성및통상진흥지원,150 
419,광주광역시,벤처기업육성자금지원,182 
420,광주광역시,수출진흥자금지원,"3,331 "
421,광주광역시,스마트공장지원,"2,000 "
422,광주광역시,여성기업생산품판로확대,50 
423,광주광역시,중소기업경영안정사업자금지원,"7,103 "
424,광주광역시,중소기업공제사업기금지원,150 
425,광주광역시,중소기업지원기관운영,"1,627 "
426,광주광역시,중소기업품질및기술력향상지원,541 
427,광주광역시,중소유통구조개선자금지원,"4,809 "
428,광주광역시,지역산업마케팅지원(전환사업),"1,076 "
429,광주광역시,지역신용보증재단기본재산출연,"6,000 "
430,광주광역시,창업생태계조성,"2,777 "
431,광주광역시,공예인력양성및스타공예상품개발(전환사업),400 
432,광주광역시,공예품상품화개발및마케팅지원(전환사업),210 
433,광주광역시,문화콘텐츠기획창작스튜디오운영지원,"1,800 "
434,광주광역시,수제공방육성지원(전환산업),760 
435,광주광역시,스마트모바일앱개발지원,325 
436,광주광역시,투자진흥지구지원시설운영,"2,405 "
437,광주광역시,고령친화산업기반조성,850 
438,광주광역시,광융합산업육성지원및홍보,"1,633 "
439,광주광역시,글로벌광융합비즈니스경쟁력강화지원(전환사업),"1,100 "
440,광주광역시,산업화디자인프로젝트(전환사업),"1,000 "
441,광주광역시,의료산업기반조성,92 
442,광주광역시,골목상권살리기지원,"2,657 "
443,광주광역시,광주프랜차이즈산업육성,80 
444,광주광역시,소상공인지원,"6,066 "
445,광주광역시,전통시장TV홍보방송지원,133 
446,광주광역시,전통시장시설현대화지원(지원)(전환사업),"1,971 "
447,광주광역시,자활사업지원,200 
448,광주광역시,농식품수출물류비지원,10 
449,광주광역시,지역산업마케팅지원(광주미래식품전)(전환사업),216 
450,광주광역시,지역산업마케팅지원(우수농식품마케팅지원)(전환사업),298 
451,광주광역시,지자체해외공동마케팅지원,32 
452,광주광역시,지역소프트웨어산업진흥지원,880 
453,광주광역시,식품진흥기금융자,300 
454,광주광역시,우수숙박시설지원·육성,25 
455,광주광역시,음식점서비스개선,10 
456,광주광역시,가족친화인증추진,104 
457,광주광역시,지역고객센터활성화지원,283 
458,광주광역시,광주형일자리기업발굴및육성지원,500 
459,광주광역시,마을기업육성(보조),260 
460,광주광역시,마을기업육성(지원)(보조),391 
461,광주광역시,사회적기업사업개발지원(보조),"1,381 "
462,광주광역시,사회적기업사회보험료지원(보조),483 
463,광주광역시,사회적기업육성(보조),212 
464,광주광역시,"사회적기업육성(일자리창출,생활)(보조)","5,445 "
465,광주광역시,사회협약광주형일자리,123 
466,광주광역시,예비사회적기업인큐베이팅지원,60 
467,광주광역시,청년창업청년취업winwin프로젝트,"1,811 "
468,광주광역시,경형SUV부품사업화지원(보조),"1,500 "
469,광주광역시,국제뿌리산업전시회(전환산업),264 
470,광주광역시,빛고을로봇박람회및경진대회(전환사업),264 
471,광주광역시,지역산업브랜드활성화지원프로젝트(전환사업),300 
472,광주광역시,기업지방이전촉진,"2,560 "
473,광주광역시,산업단지시설물유지보수,"1,876 "
474,광주광역시,굴뚝자동측정기기설치·운영관리비지원,78 
475,광주광역시,소규모사업장방지시설지원(보조),"5,400 "
476,광주광역시,지역스타기업육성(지역산업공통),"1,016 "
477,광주광역시,1인창조및중장년기술창업지원,195 
478,광주광역시,지식재산권창출사업지원,904 
479,광주광역시,지역연고산업(RIS)육성사업지원,65 
480,광주광역시,지역소프트웨어산업진흥지원(보조),363 
481,광주광역시,인공지능중심산업융합집적단지조성,"14,533 "
482,광주광역시,지역혁신창업활성화지원,210 
483,광주광역시,광주형인공지능비즈니스모델구축,666 
484,대구광역시,기타지역특성화산업육성(우수기업성장동력화사업)(전환),"4,400 "
485,대구광역시,기타지역특성화산업육성(중기업육성사업)(전환),"2,400 "
486,대구광역시,조달물품경쟁력강화지원사업,440 
487,대구광역시,중소기업경영안정자금지원,"18,300 "
488,대구광역시,중소기업매출채권보험료지원,200 
489,대구광역시,중소기업육성자금융자,"55,023 "
490,대구광역시,중소기업제품판매지원,80 
491,대구광역시,지역산업마케팅지원(지역산업온라인마케팅지원사업)(전환),400 
492,대구광역시,지역산업마케팅지원(중소기업해외마케팅지원)(전환),"5,050 "
493,대구광역시,국제부품소재산업전,80 
494,대구광역시,대구국제로봇산업전,200 
495,대구광역시,로봇산업가치사슬확장및상생시스템구축(전환),"4,500 "
496,대구광역시,부품·소재품질향상지원사업,100 
497,대구광역시,뿌리산업경쟁력강화기술지원사업(2단계),150 
498,대구광역시,소재산업융합유니언구축지원,150 
499,대구광역시,영세소재기업제조혁신및부품경쟁력강화사업(전환),500 
500,대구광역시,품질분임조활성화지원사업,70 
501,대구광역시,품질인증레벨업지원사업,50 
502,대구광역시,식품산업육성지원,235 
503,대구광역시,지역우수기업육성(문화콘텐츠해외마케팅지원)(전환),100 
504,대구광역시,마을기업육성사업(구군),818 
505,대구광역시,사회적기업육성(사업개발비지원-구군),887 
506,대구광역시,협동조합육성사업,204 
507,대구광역시,글로컬대구침장특화산업육성,900 
508,대구광역시,기타지역특성화산업육성(공동브랜드(쉬메릭)육성지원)(전환),400 
509,대구광역시,기타지역특성화산업육성(해외패션의류전시회및패션쇼참가지원)(전환),"1,300 "
510,대구광역시,대구국제섬유박람회,800 
511,대구광역시,대구디자인패션산업육성(전환),"1,600 "
512,대구광역시,섬유산업국내판로개척(전환),600 
513,대구광역시,섬유패션디자인창업보육센터지원,150 
514,대구광역시,지역패션봉제산업육성사업,400 
515,대구광역시,패션뷰인대구지원,200 
516,대구광역시,한국안경산업고도화육성사업,"2,200 "
517,대구광역시,한국안광학산업진흥원사업보조,300 
518,대구광역시,초기기업SW제품상용화지원사업(전환),200 
519,대구광역시,뷰티제품타켓국가해외인증(인허가)지원사업,90 
520,대구광역시,스타뷰티브랜드육성사업,135 
521,대구광역시,신활력한방산업육성사업,97 
522,대구광역시,지역산업마케팅지원(K-뷰티수출컨소시엄활성화지원)(전환),500 
523,대구광역시,한방소재기반기술활용기업지원사업,99 
524,대구광역시,화장품천연소재표준화지원,68 
525,대구광역시,일자리창출사업,"2,298 "
526,대구광역시,중장년일자리지원사업,"1,000 "
527,대구광역시,청년일자리지원사업,"1,670 "
528,대구광역시,R&D/비R&D과제코디지원사업,100 
529,대구광역시,기업애로해결디자인코디네이터육성사업,943 
530,대구광역시,기타지역특성화산업육성(신기술사업화프로젝트)(전환),540 
531,대구광역시,기타지역특성화산업육성(지역중소기업디자인지원사업)(전환),"1,800 "
532,대구광역시,대구리더스포럼엔젤투자활성화지원,270 
533,대구광역시,대구스타벤처육성사업,450 
534,대구광역시,대구팁스(TIPS)프로그램운영지원,200 
535,대구광역시,데이터기반스타트업육성사업,330 
536,대구광역시,랩투마켓(LabToMarket)지원사업,215 
537,대구광역시,벤처기업육성촉진지구활성화사업,90 
538,대구광역시,산업현장기술핫라인센터지원,50 
539,대구광역시,소공인제품기술경쟁력향상지원사업,100 
540,대구광역시,업사이클산업활성화지원사업,200 
541,대구광역시,업사이클센터지원사업,200 
542,대구광역시,업사이클아트청년창업프로젝트,462 
543,대구광역시,지역청년연구개발서비스기업취업지원사업,529 
544,대구광역시,차세대선도기술개발사업지원,"2,300 "
545,대구광역시,청년벤처창업펀드,"2,000 "
546,대구광역시,청년아이디어구현플랫폼운영,70 
547,대구광역시,크라우드펀딩지원사업,200 
548,대구광역시,혁신성장펀드조성,"2,000 "
549,대구광역시,연구개발특구내입주기업통근용셔틀버스운영,150 
550,대구광역시,의료기업지원통합플랫폼구축운영,80 
551,대구광역시,지역산업마케팅지원(의료기기산업마케팅지원)(전환),400 
552,대구광역시,지역치과의료기기토탈마케팅지원,150 
553,대구광역시,대구국제안경전(국가직접지원),600 
554,대구광역시,한국염색기술연구원운영위탁,300 
555,대구광역시,C-Seed청년스타트업육성사업,500 
556,대구광역시,지역전략산업디자인개발지원(국가직접지원),300 
557,대구광역시,사회적기업육성(사회보험료-구군),359 
558,대구광역시,"사회적기업육성(일자리창출,생활-구군)","5,075 "
559,대구광역시,지역SW기업성장지원,562 
560,대구광역시,청년소셜벤처육성,855 
561,대구광역시,글로벌강소기업경쟁력강화사업(국가직접지원),500 
562,대구광역시,나노융합기반고도화사업(국가직접지원),100 
563,대구광역시,스마트공장보급·확산사업,"6,500 "
564,대구광역시,지역에코혁신사업,100 
565,대구광역시,하이퍼고분자첨단소재부품고도화사업(국가직접지원),"1,672 "
566,대구광역시,글로벌섬유패션공급망역량강화사업(국가직접지원),704 
567,대구광역시,한국섬유개발연구원운영,302 
568,대구광역시,대경권SW품질역량강화지원(국가직접지원),175 
569,대구광역시,대구여성첨단벤처기업성장지원(국가직접지원),15 
570,대구광역시,메이커스페이스구축·운영지원사업(국가직접지원),810 
571,대구광역시,연구개발특구전용펀드조성(국가직접지원),900 
572,대구광역시,예비창업패키지지원사업(국가직접지원),50 
573,대구광역시,중소기업기술사관육성프로그램지원사업(국가직접지원),30 
574,대구광역시,지식재산기반창업촉진사업(국가직접지원),420 
575,대구광역시,지식재산창출지원사업(국가직접지원),785 
576,대구광역시,창업도약패키지지원사업(국가직접지원),300 
577,대구광역시,창업보육센터지원사업(국가직접지원),500 
578,대구광역시,초기창업패키지지원사업(국가직접지원),300 
579,대구광역시,혁신창업생태계구축지원(국가직접지원),"2,500 "
580,대구광역시,기계부품산업스마트화지원사업,400 
581,대구광역시,기계산업수출역량강화사업,700 
582,대구광역시,대구국제자동화기기전,150 
583,대구광역시,섬유기계고도화기술개발지원사업,150 
584,대구광역시,의료기업창업지원,467 
585,대구광역시,장애경제인육성지원(국가직접지원),160 
586,대구광역시,중소유통업구조개선자금융자,"1,002 "
587,대구광역시,굴뚝자동측정기기설치·운영관리비지원,44 
588,대구광역시,대구국제식품산업전개최,180 
589,대구광역시,물기업육성및지원,815 
590,대구광역시,물산업R&D지원,"1,500 "
591,대구광역시,에너지신산업펀드조성,800 
592,대구광역시,미래형자동차선도기술개발지원사업,"3,573 "
593,대구광역시,골목상권활성화,"1,000 "
594,대구광역시,공예산업육성지원,95 
595,대구광역시,광역도심형거점시장육성,50 
596,대구광역시,종합유통단지관리운영,"1,037 "
597,대구광역시,마을기업육성사업,604 
598,대구광역시,위생관리시설(운영자금)융자,500 
599,대구광역시,지역투자촉진,"10,000 "
600,대구광역시,대구콘텐츠기업지원센터운영(국가직접지원),980 
601,대구광역시,중소기업육성지원,531 
602,대구광역시,중소기업기술경쟁력강화,50 
603,대구광역시,첨단기능성소재기반시기능보조기기산업육성(국가직접지원),650 
604,대구광역시,도시형소비재산업글로벌신시장개척지원(지역활력프로젝트)(국가직접지원),861 
605,대구광역시,뿌리산업공정데이터가시화지원사업,200 
606,대구광역시,섬유산업글로벌화정보지원사업,150 
607,대전광역시,대전형테스트베드사업,600 
608,대전광역시,생생기업해커톤캠프사업,850 
609,대전광역시,산학협력연구소기업성장지원사업,650 
610,대전광역시,유망중소기업global-up지원,750 
611,대전광역시,전통제조기업첨단화지원,"1,500 "
612,대전광역시,고경력과학기술인중소벤처기업기술개발지원사업,200 
613,대전광역시,혁신성장기업기술사업화종합지원,"1,500 "
614,대전광역시,기술융합디자인혁신지원사업,600 
615,대전광역시,기업성장주기별3-UP지원사업,"3,800 "
616,대전광역시,나노산업육성,682 
617,대전광역시,디자인산업역량강화사업,"1,007 "
618,대전광역시,뷰티산업지원육성,300 
619,대전광역시,뿌리산업활성화지원사업,"2,500 "
620,대전광역시,스마트센서기업기술역량강화사업,300 
621,대전광역시,에너지산업전시회참가지원사업,30 
622,대전광역시,에너지융합산업경쟁력강화지원사업,450 
623,대전광역시,중소기업혁신성장지원및기술경쟁력강화사업,"1,200 "
624,대전광역시,지식재산권육성사업(국가직접사업),"1,679 "
625,대전광역시,지역특화산업청년인재채용지원사업,"4,628 "
626,대전광역시,품질경영혁신지원사업,36 
627,대전광역시,경제통상진흥원지원,434 
628,대전광역시,국내판로지원,737 
629,대전광역시,벤처기업육성경쟁력강화사업,50 
630,대전광역시,소셜벤처특화거리조성,"1,990 "
631,대전광역시,수출혁신지원,"2,148 "
632,대전광역시,온라인창업플랫폼구축·운영,200 
633,대전광역시,중소기업경영안정자금및창업자금지원,"8,120 "
634,대전광역시,지역산업마케팅지원,"1,600 "
635,대전광역시,창업기업보육·성장지원사업,910 
636,대전광역시,창업보육경쟁력강화사업,322 
637,대전광역시,창업생태계조성및스타트업파크운영,"1,352 "
638,대전광역시,창업플랫폼조성,"2,093 "
639,대전광역시,충청권벤처프라자개최,140 
640,대전광역시,해외사무소운영,970 
641,대전광역시,혁신공공기술창업지원사업,560 
642,대전광역시,국방산업육성,"1,853 "
643,대전광역시,로봇융합(메카트로닉스)산업육성,"1,604 "
644,대전광역시,정보통신산업육성,500 
645,대전광역시,지역SW성장지원,556 
646,대전광역시,지역소프트웨어산업진흥지원사업(국가직접지원),788 
647,대전광역시,굴뚝자동측정기기설치운영관리비지원,50 
648,대전광역시,(예비)사회적기업일자리창출,"5,636 "
649,대전광역시,(예비)사회적기업지원,206 
650,대전광역시,마을기업육성,745 
651,대전광역시,사회적(경제)기업인프라구축및맞춤형지원,270 
652,대전광역시,사회적경제단계별성장지원,200 
653,대전광역시,사회적기업사업개발비지원,704 
654,대전광역시,사회적기업사회보험료지원,296 
655,대전광역시,협동조합운영,247 
656,대전광역시,대전신용보증재단기본재산조성,"1,000 "
657,대전광역시,소상공인경영개선자금신용보증수수료,"1,067 "
658,대전광역시,영세자영업자고용보험료지원,50 
659,대전광역시,영세자영업자인건비지원,950 
660,대전광역시,자영업닥터제운영,"1,500 "
661,대전광역시,전통시장및상점가시설현대화사업,"4,246 "
662,대전광역시,전통시장및상점가주차환경개선사업,"8,364 "
663,대전광역시,전통시장박람회참가등시장활성화사업지원,86 
664,대전광역시,창업및경영개선지원,"7,888 "
665,대전광역시,식품위생업소시설개선자금융자,300 
666,대전광역시,대전형좋은일터만들기,"2,000 "
667,대전광역시,우수기업청년채용,"1,857 "
668,대전광역시,청년내일채움공제사업,981 
669,대전광역시,기업유치지원,"4,146 "
670,대전광역시,지방투자촉진보조금,"5,000 "
671,대전광역시,대덕연구개발특구투자조합,"1,350 "
672,대전광역시,스마트공장보급확산지원사업,"2,160 "
673,대전광역시,1인창조기업지원센터운영(국가직접사업),60 
674,대전광역시,창업지원펀드조성(국가직접사업),"4,542 "
675,대전광역시,SW서비스개발사업(국가직접지원),780 
676,대전광역시,로봇융합(메카트로닉스)산업육성(국가직접지원),800 
677,대전광역시,지역주력산업육성(국가직접지원),"5,609 "
678,대전광역시,지역클러스터-병원연계바이오창업인큐베이팅지원사업(국가직접지원),500 
679,대전광역시,문화관광형시장육성사업(국가직접지원),292 
680,대전광역시,소공인특화지원센터운영,60 
681,대전광역시,전통시장홍보(국가직접지원),77 
682,대전광역시,FTA활용지원센터지원(국가직접지원),60 
683,대전광역시,IR영상센터운영지원,700 
684,대전광역시,지식재산권육성사업,505 
685,대전광역시,지역소기업지원,815 
686,대전광역시,기업맞춤형마케팅사업,450 
687,대전광역시,스마트헬스케어VR기반구축사업,"1,300 "
688,대전광역시,모듈형나노바이오칩플랫폼기술상용화지원,400 
689,대전광역시,정밀의료기술초융합상용화지원플랫폼구축,950 
690,대전광역시,의료현장형ICT융복합체외진단시스템고도화,"1,300 "
691,대전광역시,드론산업육성,700 
692,대전광역시,노란우산공제정액장려금지원,700 
693,대전광역시,지역영세콘텐츠기업지원,"1,630 "
694,대전광역시,출연연연계기업지원,"1,453 "
695,부산광역시,굴뚝자동측정기기설치운영관리비지원(보조),141 
696,부산광역시,4차산업형부산MICE강소기업육성사업,500 
697,부산광역시,위생관리시설개선융자사업,"1,640 "
698,부산광역시,공유경제육성및지원,417 
699,부산광역시,마을기업육성(보조),490 
700,부산광역시,마을기업컨설팅등지원,428 
701,부산광역시,사회적경제기업사업개발비,"1,327 "
702,부산광역시,사회적경제기업지역특화사업(직접),440 
703,부산광역시,사회적경제지원센터운영,830 
704,부산광역시,사회적기업사회보험료지원,960 
705,부산광역시,사회적기업지원,97 
706,부산광역시,공공기관연관산업기업유치등지원사업,580 
707,부산광역시,비즈니스서비스산업특화구역지원,100 
708,부산광역시,서비스산업육성지원,525 
709,부산광역시,지역주도형청년일자리사업(비즈니스서비스기업),698 
710,부산광역시,핀테크산업육성,500 
711,부산광역시,소상공인상생협력,461 
712,부산광역시,소상공인역량강화사업,"4,770 "
713,부산광역시,소상공인전용결제시스템,200 
714,부산광역시,전통시장및상점가경영현대화,"1,382 "
715,부산광역시,전통시장및상점가시설현대화,100 
716,부산광역시,전통시장주차환경개선(주차장건립),"2,256 "
717,부산광역시,수산물가공업HACCP지원,8 
718,부산광역시,(재)부산정보산업진흥원운영지원,"1,772 "
719,부산광역시,IoT산업활성화,270 
720,부산광역시,IT엑스포부산개최,250 
721,부산광역시,가상·증강현실산업육성,600 
722,부산광역시,모바일AI산업육성,640 
723,부산광역시,부산ITCT수도권마케팅지원센터지원,100 
724,부산광역시,지역SW기업성장지원사업,331 
725,부산광역시,지역SW품질역량강화사업,188 
726,부산광역시,부산문화콘텐츠스타프로젝트운영,500 
727,부산광역시,부산영화영상기업운영지원,100 
728,부산광역시,에이스스텔라(AceStella)육성지원,400 
729,부산광역시,고용우수기업지원,705 
730,부산광역시,부산국방벤처센터지원,230 
731,부산광역시,부산이노비즈센터지원(국가직접지원),50 
732,부산광역시,부산창업지원센터지원,"3,801 "
733,부산광역시,지역주도형청년일자리사업(부산대표중소벤처기업청년일자리+프로젝트),"3,175 "
734,부산광역시,지역주도형청년일자리사업(청년창업맞춤형역량강화지원사업),524 
735,부산광역시,창업기업판로개척지원,350 
736,부산광역시,창업촉진지구지원사업,500 
737,부산광역시,창업보육센터지원(국가직접지원),770 
738,부산광역시,인공지능로봇활용기업경쟁력고도화(전환),400 
739,부산광역시,드론쇼코리아개최지원(전환),600 
740,부산광역시,레이저가공기술고도화지원(전환),200 
741,부산광역시,부산표면처리기술고도화지원(전환),270 
742,부산광역시,뿌리산업통합지원체계구축및기술고도화(전환),600 
743,부산광역시,부산자동차부품산업기술연구역량강화(전환),270 
744,부산광역시,중소기업글로벌인증획득지원,90 
745,부산광역시,중소기업품질경영진단및기술지도지원,36 
746,부산광역시,친환경고효율공기조화부품기술고도화사업(전환),300 
747,부산광역시,품질경영대회개최지원,10 
748,부산광역시,품질경영대회우수분임조교육지원,18 
749,부산광역시,해양레저용고속보트생산기술고도화지원(전환),300 
750,부산광역시,미래성장동력산업기술지원사업(전환),750 
751,부산광역시,부산국제섬유패션전시회개최지원(전환),400 
752,부산광역시,부산국제신발피혁전시회개최지원(전환),400 
753,부산광역시,부산브랜드신발육성사업(전환),300 
754,부산광역시,부산섬유소재기업수요맞춤형역량강화사업(전환),300 
755,부산광역시,부산섬유패션미래시장창출지원,25 
756,부산광역시,부산패션창작스튜디오운영지원(전환),250 
757,부산광역시,섬유패션산업기술개발지원(전환),45 
758,부산광역시,신발산업정보화사업지원,100 
759,부산광역시,신발산업해외마케팅지원,50 
760,부산광역시,신발피혁연구사업지원,900 
761,부산광역시,전략산업육성지원,13 
762,부산광역시,전자상거래지원센터지원,41 
763,부산광역시,중견·강소기업육성지원,1 
764,부산광역시,중소기업기술혁신사업추진,74 
765,부산광역시,고령친화바이오산업육성추진,6 
766,부산광역시,고령친화산업육성사업지원(전환),8 
767,부산광역시,메디컬ICT융합센터지원사업,550 
768,부산광역시,치의학산업육성지원,378 
769,부산광역시,화장품뷰티산업육성지원,16 
770,부산광역시,클린에너지보급추진,480 
771,부산광역시,마케팅등지역특성화산업육성(전환),"3,325 "
772,부산광역시,무역대응력강화사업,752 
773,부산광역시,지방투자촉진금,"29,700 "
774,부산광역시,해양바이오산업육성,120 
775,부산광역시,(재)부산경제진흥원운영지원,"6,860 "
776,부산광역시,기타지역특성화산업육성(부산지역부품소재)(전환),180 
777,부산광역시,기타지역특성화산업육성(하이테크부품소재)(전환),300 
778,부산광역시,대·중소기업동반성장사업지원,838 
779,부산광역시,부산신용보증재단지원,"3,500 "
780,부산광역시,부산특구성과창출및확산촉진사업(국가직접지원),700 
781,부산광역시,이차보전및융자지원,"36,492 "
782,부산광역시,중소기업공제사업기금이차보전사업지원,150 
783,부산광역시,소규모사업장방지시설설치지원,"9,400 "
784,부산광역시,클라우드산업육성(국가직접지원),750 
785,부산광역시,창조경제혁신센터지원(국가직접지원),"1,953 "
786,부산광역시,부산스마트공장보급확산지원(국가직접지원),"3,000 "
787,부산광역시,조선기자재수출및A/S구축·운영(국가직접지원),153 
788,부산광역시,FTA활용지원(국가직접지원),50 
789,부산광역시,지역에코혁신사업(국가직접지원),80 
790,부산광역시,지역별창업투자지원센터,"1,500 "
791,부산광역시,청년취업인턴사업(보조),"3,027 "
792,부산광역시,지역SW서비스사업화지원(국가직접지원),692 
793,부산광역시,신기술융합지능형기계부품산업고도화기반조성(국가직접지원),930 
794,부산광역시,조선해양기자재수주절벽극복인증지원(전환),200 
795,부산광역시,수상레저기구산업거점화및성장지원(국가직접지원),50 
796,부산광역시,"사회적기업육성(일자리창출,생활)","7,740 "
797,부산광역시,사회적경제기업사업개발비(공모),"1,327 "
798,서울특별시,도시형제조업(소공인)지원,"1,204 "
799,서울특별시,서울인쇄센터운영,621 
800,서울특별시,서울형특화산업지구운영,"3,306 "
801,서울특별시,양재R&D혁신지구육성,"11,649 "
802,서울특별시,홍릉바이오의료앵커운영,"7,613 "
803,서울특별시,게임산업육성및e스포츠활성화,"1,638 "
804,서울특별시,미디어콘텐츠센터조성및운영,"1,596 "
805,서울특별시,서울산업진흥원출연,"50,844 "
806,서울특별시,서울핀테크랩설립및운영,"3,195 "
807,서울특별시,영상산업인프라조성,"2,009 "
808,서울특별시,중소기업단체협력강화,"3,525 "
809,서울특별시,서울형소셜프랜차이즈육성및지원,393 
810,서울특별시,녹색산업육성지원,693 
811,서울특별시,마포농수산물시장보수비지원,350 
812,서울특별시,서울디자인재단출연금,"20,290 "
813,서울특별시,협동조합활성화지원,"1,116 "
814,서울특별시,(예비)사회적기업지원(사업개발비),"3,113 "
815,서울특별시,마을기업육성,653 
816,서울특별시,사회문제해결을위한혁신형사업,611 
817,서울특별시,사회적경제우수기업육성,816 
818,서울특별시,사회적경제지원센터운영,"6,185 "
819,서울특별시,사회적기업사회보험료지원,"2,058 "
820,서울특별시,서울특별시소상공인종합지원,"9,349 "
821,서울특별시,서울풍물시장활성화,"3,238 "
822,서울특별시,소상공인고용보험가입지원,468 
823,서울특별시,생활상권활성화,"6,174 "
824,서울특별시,전통시장공동배송서비스운영,630 
825,서울특별시,2021년노후전선정비사업,"1,125 "
826,서울특별시,전통시장상인역량강화및조직활성화지원,"1,783 "
827,서울특별시,전통시장시설현대화사업지원(전환),"16,836 "
828,서울특별시,전통시장전기안전점검및보수,"1,810 "
829,서울특별시,전통시장주차환경개선사업(주차장건립),"1,525 "
830,서울특별시,전통시장주차환경개선사업(주차장이용보조),135 
831,서울특별시,지역상권활성화추진,"3,770 "
832,서울특별시,2021년화재알림시설설치사업,555 
833,서울특별시,서울창업허브성수운영,"1,381 "
834,서울특별시,악취방지및저감사업,230 
835,서울특별시,4차산업혁명펀드출자,"5,865 "
836,서울특별시,문화콘텐츠산업펀드출자,"3,520 "
837,서울특별시,스마트시티펀드출자,"5,417 "
838,서울특별시,사회적경제기업투융자,"18,100 "
839,서울특별시,서울신용보증재단출연,"11,860 "
840,서울특별시,서울형마이크로크레딧지원,607 
841,서울특별시,시중은행협력자금지원,"55,300 "
842,서울특별시,중소기업직접융자,"200,000 "
843,서울특별시,식품위생영업자민간융자지원,"2,000 "
844,서울특별시,수출보험(보증)료지원,"1,500 "
845,서울특별시,재활용사업자육성자금융자지원,600 
846,서울특별시,공동협력기술개발지원,"2,328 "
847,서울특별시,서울형R&D지원,"39,055 "
848,서울특별시,중소기업지식재산권창출지원,"2,337 "
849,서울특별시,사회적경제시장활성화,335 
850,서울특별시,특성화시장육성사업,"1,727 "
851,서울특별시,글로벌강소기업육성(국가직접지원),600 
852,서울특별시,(예비)사회적기업지원(일자리창출),"12,922 "
853,서울특별시,청년과함께하는서울형강소기업육성지원,"3,320 "
854,서울특별시,서울창조경제혁신센터운영지원(국가직접지원),"1,500 "
855,서울특별시,관광스타트업육성지원,"1,011 "
856,서울특별시,서울먹거리창업센터운영,"1,239 "
857,서울특별시,지역연계형청년창업지원사업,"2,420 "
858,서울특별시,관악창업센터운영,529 
859,서울특별시,서울창업허브창동운영,"3,901 "
860,서울특별시,서울글로벌창업센터운영,"2,381 "
861,서울특별시,서울창업디딤터운영,"1,170 "
862,서울특별시,서울창업성장센터운영,958 
863,서울특별시,서울창업카페운영,"1,805 "
864,서울특별시,서울창업허브운영,"16,084 "
865,서울특별시,청년창업꿈터운영,492 
866,서울특별시,중소기업적합업종보호·활성화,112 
867,서울특별시,소상공인육성을위한야시장운영,"1,904 "
868,서울특별시,전통시장온라인판로개척지원,"1,150 "
869,서울특별시,전통시장감염병예방시스템구축,"1,000 "
870,서울특별시,전통시장이벤트지원,"2,139 "
871,서울특별시,서울특별시기술교육원운영지원,"18,473 "
872,서울특별시,소규모사업장방지시설설치지원사업,"10,134 "
873,세종특별자치시,지역SW기업성장지원,472 
874,세종특별자치시,세종창업키움센터관리·운영,166 
875,세종특별자치시,소상공인지원,"2,662 "
876,세종특별자치시,중소기업자금지원(중소기업육성기금운용),"1,294 "
877,세종특별자치시,중소기업활성화,160 
878,세종특별자치시,지역특성화산업육성,360 
879,세종특별자치시,창업보육활성화지원,60 
880,세종특별자치시,창조경제혁신센터운영,918 
881,세종특별자치시,6차산업경쟁력강화,119 
882,세종특별자치시,지역투자촉진,"5,768 "
883,세종특별자치시,지역주도형청년일자리사업,"1,743 "
884,세종특별자치시,마을기업컨설팅등지원,586 
885,세종특별자치시,사회보험료및사업개발비등사회적기업육성(사업개발비),140 
886,세종특별자치시,사회보험료및사업개발비등사회적기업육성(지역특화),199 
887,세종특별자치시,"사회적기업육성(일자리창출,세종)(사회보험료)",121 
888,세종특별자치시,"사회적기업육성(일자리창출,세종)(일반,전문인력)","1,421 "
889,세종특별자치시,굴뚝자동측정기기설치·운영관리비지원,22 
890,세종특별자치시,지역SW서비스사업화지원(국가직접지원),568 
891,세종특별자치시,지역지식재산창출지원(국가직접지원),412 
892,세종특별자치시,지역특화산업육성사업(국가직접지원),"2,601 "
893,세종특별자치시,수출기반조성(국가직접지원),22 
894,세종특별자치시,사회적경제혁신성장사업(국가직접지원),178 
895,세종특별자치시,사회적경제기업이차보전지원,18 
896,세종특별자치시,국가혁신융복합단지육성(국가직접지원),"1,824 "
897,세종특별자치시,글로벌강소기업육성사업(국가직접지원),60 
898,세종특별자치시,지역노사민정협력활성화지원,88 
899,세종특별자치시,공정일터인증제,41 
900,세종특별자치시,지역산업거점육성(국가직접지원),"1,044 "
901,세종특별자치시,지역단위6차산업활성화지원,310 
902,세종특별자치시,소규모사업장방지시설(자본보조),270 
903,울산광역시,이자차액보전금지원,"11,271 "
904,울산광역시,중소기업투자모태조합출자,450 
905,울산광역시,위생관리개선융자사업,510 
906,울산광역시,사회적경제혁신성장사업(국가직접지원),324 
907,울산광역시,산학연관협력기술개발,520 
908,울산광역시,지역기술이전사업지원(국가직접지원),300 
909,울산광역시,지역지식재산창출지원(국가직접지원),"1,002 "
910,울산광역시,지역특화산업육성사업(전환사업)(국가직접지원),"1,877 "
911,울산광역시,스마트공장협업패키지기술개발지원(국가직접지원),100 
912,울산광역시,에너지절약및효율화사업,"1,140 "
913,울산광역시,조선산업육성지원,609 
914,울산광역시,조선해양기자재국제인증및벤더등록지원(국가직접지원),200 
915,울산광역시,화학소재산업육성지원,385 
916,울산광역시,뿌리산업육성지원(국가직접지원),289 
917,울산광역시,시-화연정밀화학기술협력(국가직접지원),"1,000 "
918,울산광역시,(예비)사회적기업일자리창출지원,"5,956 "
919,울산광역시,사회적기업사회보험료지원,301 
920,울산광역시,청년일자리창출,"4,356 "
921,울산광역시,수출인프라구축및저변확대,409 
922,울산광역시,지역산업마케팅지원(전환사업),"2,060 "
923,울산광역시,사회적경제기업육성지원,188 
924,울산광역시,창업지원,"3,751 "
925,울산광역시,마을기업컨설팅등지원,220 
926,울산광역시,사회적기업사업개발비(공모),681 
927,울산광역시,사회적기업사업개발비(지역특화),446 
928,울산광역시,마을기업육성,398 
929,울산광역시,중소기업육성시책추진,"2,382 "
930,울산광역시,벤처기업육성지원,212 
931,울산광역시,소상공인지원,987 
932,울산광역시,전통시장시설현대화사업(전환사업),"2,090 "
933,울산광역시,전통시장육성,578 
934,울산광역시,지역SW성장지원,363 
935,울산광역시,전문경력인사기술지원,100 
936,울산광역시,스마트공장보급확산지원(국가직접지원),800 
937,울산광역시,지역투자촉진,"8,768 "
938,울산광역시,투자환경개선,900 
939,울산광역시,공공기관연관산업기업유치등지원사업,100 
940,울산광역시,굴뚝자동측정기기설치·운영관리비지원,210 
941,울산광역시,취업지원,731 
942,인천광역시,굴뚝자동측정기기설치·운영관리비지원,100 
943,인천광역시,소규모영세사업장방지시설지원(지원),"6,918 "
944,인천광역시,소규모영세사업장방지시설지원(직접),"15,000 "
945,인천광역시,악취배출사업장관리강화,47 
946,인천광역시,악취방지시설개선지원및운영(남동구),"2,575 "
947,인천광역시,중소기업환경개선을위한이자지원,22 
948,인천광역시,문화산업진흥지구육성,800 
949,인천광역시,XR콘텐츠산업육성,"1,170 "
950,인천광역시,실감형콘텐츠체험공간조성(전환-직접)(전환사업),900 
951,인천광역시,4차산업혁명핵심기술기반센터구축·운영,698 
952,인천광역시,SW융합클러스터2.0,"1,500 "
953,인천광역시,글로벌스타트업캠퍼스운영,"2,197 "
954,인천광역시,로봇산업육성,"1,800 "
955,인천광역시,뷰티도시조성,"1,200 "
956,인천광역시,연구개발(R&D)활성화,"1,600 "
957,인천광역시,인천BIO산업지원,"2,390 "
958,인천광역시,자동차부품산업육성지원,700 
959,인천광역시,지역SW산업진흥지원,"1,500 "
960,인천광역시,마을기업육성(지원),443 
961,인천광역시,마을기업육성(직접),343 
962,인천광역시,사회적경제생태기반조성,"1,175 "
963,인천광역시,사회적기업사업개발비(공모),"1,256 "
964,인천광역시,사회적기업육성,86 
965,인천광역시,사회적기업육성(사회보험료),595 
966,인천광역시,사회적기업일자리창출비지원,"5,090 "
967,인천광역시,사회적기업지역특화사업(지원),184 
968,인천광역시,사회적기업지역특화사업(직접),132 
969,인천광역시,협동조합활성화사업,94 
970,인천광역시,산업기술기반조성사업(산업진흥과),"3,740 "
971,인천광역시,수출인프라확충및해외마케팅지원,"1,402 "
972,인천광역시,스마트공장확산사업,"2,500 "
973,인천광역시,우수기업육성및지원,86 
974,인천광역시,중국마케팅전담지원,"1,000 "
975,인천광역시,중소기업경영안정자금지원,403 
976,인천광역시,중소기업기술교류,200 
977,인천광역시,중소기업기술및경영지원,"2,548 "
978,인천광역시,중소기업지원및육성,"55,566 "
979,인천광역시,지역산업마케팅지원(전환-직접)(전환사업),"1,670 "
980,인천광역시,지역특성화산업육성(중소기업디자인개발지원),"2,229 "
981,인천광역시,품질우수제품지원및품질분임조경진대회,135 
982,인천광역시,"소상공인경영안정지원
(소상공인정책자금지원,노란우산가입장려금,소상공인시장진흥자금융자지원)","22,287 "
983,인천광역시,"전통시장활성화
(전국우수시장박람회참가지원외4개사업)",755 
984,인천광역시,식품진흥기금의효율적운용관리,312 
985,인천광역시,"지역주도형청년일자리지원사업(직접)
(창업기업,지역성장도약기업)","5,655 "
986,인천광역시,창업보육지원,"1,290 "
987,인천광역시,창조경제혁신센터운영지원,"1,200 "
988,인천광역시,청년정책추진및일자리지원,"4,893 "
989,인천광역시,FTA활용지원(국가직접지원),110 
990,인천광역시,글로벌강소기업육성사업지원(국가직접지원),540 
991,인천광역시,산학연협력기술개발사업(국가직접지원),"1,500 "
992,인천광역시,지역맞춤형일자리창출사업,"1,340 "
993,인천광역시,산업기술기반조성사업(미래산업과),429 
994,인천광역시,악취방지시설개선지원및운영(서북부),"2,536 "
995,전라남도,관광진흥기금운영,"10,000 "
996,전라남도,전남신용보증재단보증지원,"3,000 "
997,전라남도,중소기업금융지원,"6,322 "
998,전라남도,중소기업금융지원(기금),"70,000 "
999,전라남도,튜닝부품선도기업맞춤형지원사업(전환)(전환사업),"1,120 "
1000,전라남도,기업부설연구소연구개발역량강화사업,200 
1001,전라남도,지역수요맞춤형연구개발사업(전환),"4,000 "
1002,전라남도,전남형강소기업육성사업(전환),"1,001 "
1003,전라남도,품질경진대회개최및참가지원,53 
1004,전라남도,뿌리산업선도기업육성3단계(전환)(전환사업),"3,700 "
1005,전라남도,전남농공단지기업맞춤형특화지원사업,"1,000 "
1006,전라남도,조선산업클러스터구축,459 
1007,전라남도,산학연연계농공단지입주기업연구개발(전환)(전환사업),"1,000 "
1008,전라남도,FTA활용지원및대응(국가직접지원사업),78 
1009,전라남도,지역SW품질역량센터운영지원(국가직접지원),56 
1010,전라남도,지식재산(IP)기업육성지원사업(국가직접지원),"1,482 "
1011,전라남도,"사회적기업육성(일자리창출,생활)","7,516 "
1012,전라남도,청년근속장려금지원,"1,003 "
1013,전라남도,중국지역산업마케팅지원(전환),470 
1014,전라남도,지역산업마케팅지원(전환),"3,020 "
1015,전라남도,통상애로해소및수출기반조성,74 
1016,전라남도,수산물수출기업지원(프로젝트형수산수출기업육성),201 
1017,전라남도,지역특화산업수출새싹기업지원(국가직접지원),86 
1018,전라남도,글로벌강소기업육성사업(국가직접사업),560 
1019,전라남도,전통시장및상점가디자인개발지원사업(전환),600 
1020,전라남도,전통시장활성화,227 
1021,전라남도,중소기업판로지원,235 
1022,전라남도,우수전통시장전시판매전개최(국가직접지원),50 
1023,전라남도,전통공예품해외역직구창업지원,200 
1024,전라남도,전남형예비마을기업육성,163 
1025,전라남도,해양수산창업투자지원센터운영,"1,500 "
1026,전라남도,Post-BI종합지원사업(국가직접지원),43 
1027,전라남도,공예문화산업육성,136 
1028,전라남도,지역상품브랜드디자인개발(전환),"1,000 "
1029,전라남도,마을기업경영컨설팅및판로지원,685 
1030,전라남도,사회적경제가치저변확대,86 
1031,전라남도,사회적경제성장지원,869 
1032,전라남도,사회적기업육성(사업개발비),840 
1033,전라남도,정부출연연구기관협력사업,100 
1034,전라남도,전남중소기업연구개발혁신성장플랫폼구축운영,250 
1035,전라남도,지역SW기업성장지원사업,537 
1036,전라남도,소상공인보호및경쟁력강화,517 
1037,전라남도,전남자영업종합지원센터지원,500 
1038,전라남도,전라남도중소기업진흥원지원,874 
1039,전라남도,전통시장및중소유통물류기반조성사업(전통시장시설현대화)(전환)(전환사업),"7,250 "
1040,전라남도,전통시장화재공제가입지원,100 
1041,전라남도,중소기업융합및인증사업지원,106 
1042,전라남도,혁신성장을위한스마트공장보급확대,"2,402 "
1043,전라남도,도내투자기업보조금지원,"5,710 "
1044,전라남도,지방투자촉진보조금,"15,000 "
1045,전라남도,스타기업육성사업(국가직접지원),"1,238 "
1046,전라남도,유기가공식품인프라구축,27 
1047,전라남도,에너지신사업연구개발및사업화지원사업,"1,500 "
1048,전라남도,여성소기업마케팅지원사업,100 
1049,전라남도,중소기업육성활성화,34 
1050,전라남도,대학창업보육센터지원,126 
1051,전라남도,순천대초기창업패키지운영지원(국가직접지원),150 
1052,전라남도,굴뚝자동측정기기설치및유지관리지원,179 
1053,전라남도,1인창조기업지원센터지원(국가직접지원),50 
1054,전라남도,창조경제혁신센터운영(국가직접지원),"1,500 "
1055,전라남도,미래형전기차핵심부품기술개발사업(국가직접지원),"3,300 "
1056,전라남도,미래형자동차튜닝부품기술개발사업(국가직접지원),700 
1057,전라남도,수산물지자체연계마케팅,344 
1058,전라남도,천일염수출활성화지원,50 
1059,전라남도,도해외상설판매장활용시군연계판촉행사,240 
1060,전라남도,아마존전라남도브랜드관운영(전환),620 
1061,전라남도,바우처지원사업(국가직접지원),"1,658 "
1062,전라남도,사회적기업육성(사회보험료지원),211 
1063,전라남도,수산식품수출통합마케팅,50 
1064,전라북도,자영업자금융비용부담경감특례보증,"2,000 "
1065,전라북도,소상공인지원자금이차보전,"7,162 "
1066,전라북도,성공창업지원,800 
1067,전라북도,기타지역특성화산업육성(혁신성장R&D+사업)(균특이양),"5,000 "
1068,전라북도,기업부설연구소활성화지원,100 
1069,전라북도,중소기업산업기술정보이용지원,68 
1070,전라북도,기타지역특성화산업육성(중소기업기술융합활성화사업)(균특이양),400 
1071,전라북도,창의적중소기업품질혁신공정개선,70 
1072,전라북도,기술거래및사업화촉진활성화사업(국가직접지원),260 
1073,전라북도,기타지역특성화산업육성(R&D기술사업화지원사업)(균특이양),"1,800 "
1074,전라북도,기타지역특성화산업육성(탄소복합재공정장비활용중소기업사업화지원)(균특이양),500 
1075,전라북도,나노융합기반고도화사업(국가직접지원),100 
1076,전라북도,3D프린팅융복합기술지원사업,280 
1077,전라북도,특장차산업활성화및산업생태계모델구축,500 
1078,전라북도,기타지역특성화산업육성(융복합SW강소기업육성)(균특이양),"1,200 "
1079,전라북도,제조기반기술R&D혁신지원사업(균특이양),900 
1080,전라북도,전북형미래혁신식품기술개발지원,135 
1081,전라북도,벤처기업육성사업지원,300 
1082,전라북도,스타기업혁신성장지원사업(국가직접),"1,636 "
1083,전라북도,전북시제품제작소운영지원,350 
1084,전라북도,ICT기업맞춤형전문인력양성사업,126 
1085,전라북도,취업보장형고교·전문대통합교육육성사업(국가직접),40 
1086,전라북도,맞춤형기술인력교육지원사업,338 
1087,전라북도,중소기업맞춤형전문인력지원사업,194 
1088,전라북도,전북일자리종합센터운영,624 
1089,전라북도,청년취업지원,"1,197 "
1090,전라북도,일자리창출사업(사회적기업),"5,655 "
1091,전라북도,식품산업전문인력양성사업(균특이양),600 
1092,전라북도,지역산업마케팅지원(균특이양),"2,800 "
1093,전라북도,세계로가는전북기업육성(균특이양),500 
1094,전라북도,수출새싹기업지원사업(국가직접),86 
1095,전라북도,전라북도해외통상거점센터구축,600 
1096,전라북도,기타지역특성화산업육성(탄소응용제품공공구매마케팅지원)(균특이양),400 
1097,전라북도,기타지역특성화산업육성(탄소산업활성화T2B지원)(균특이양),"1,000 "
1098,전라북도,중소기업제품판로개척,"1,000 "
1099,전라북도,수도권전라북도우수상품관개설,120 
1100,전라북도,중소기업제품공공구매확대,45 
1101,전라북도,전자상거래운영지원,45 
1102,전라북도,전통시장환경개선사업(균특이양),"2,864 "
1103,전라북도,전통시장문화행사지원,118 
1104,전라북도,창업지원기반조성,"2,163 "
1105,전라북도,창업보육센터활성화지원(국가직접),300 
1106,전라북도,창조경제혁신센터운영지원(국가직접),"1,736 "
1107,전라북도,전라북도선도기업육성(균특이양),"5,200 "
1108,전라북도,전라북도도약기업육성,"2,300 "
1109,전라북도,글로벌강소기업육성사업(국가직접),600 
1110,전라북도,중소기업경영개선컨설팅,72 
1111,전라북도,전북지역스타기업육성사업(국가직접),612 
1112,전라북도,전라북도돋움기업육성사업,"2,100 "
1113,전라북도,뿌리기업그린환경시스템구축지원,350 
1114,전라북도,소상공인창업경영개선,"1,246 "
1115,전라북도,전통시장마케팅지원,74 
1116,전라북도,전통시장장엔정장보기도우미지원,471 
1117,전라북도,시장경영지원사업(국가직접),24 
1118,전라북도,영세소상공인지원,"2,310 "
1119,전라북도,사업개발비지원사업(사회적기업),575 
1120,전라북도,협동조합지원,180 
1121,전라북도,사회보험료지원(사회적기업),726 
1122,전라북도,사회적기업자치단체특화사업(직접),151 
1123,전라북도,사회적기업자치단체특화사업,218 
1124,전라북도,중소기업환경개선사업,845 
1125,전라북도,전통공예산업육성,118 
1126,전라북도,지식재산창출지원사업(국가직접지원),"2,076 "
1127,전라북도,기술개발제품인증취득지원사업,100 
1128,전라북도,전북뿌리농기계기술고도화지원,500 
1129,전라북도,인문사회·예체능계열대학산학관커플링사업,"1,022 "
1130,전라북도,일자리창출및취업지원,"1,105 "
1131,전라북도,여성기업활성화지원,41 
1132,전라북도,전북중소기업역량강화지원,201 
1133,전라북도,중소기업공제사업기금대출사업이차보전,100 
1134,전라북도,경영안정화긴급자금지원,500 
1135,전라북도,식품위생업소시설개선융자사업,500 
1136,전라북도,국방산업육성지원사업,180 
1137,전라북도,장애인기업경영혁신프로그램운영,10 
1138,전라북도,전라북도디자인산업육성,457 
1139,전라북도,고부가가치식품사업화지원사업,20 
1140,전라북도,농수산식품수출바이어초청상담,40 
1141,전라북도,농수산식품해외시장개척지원,200 
1142,전라북도,농식품기업원료수급안정화지원,36 
1143,전라북도,농식품창업·성장지원사업,100 
1144,전라북도,마을기업고도화,702 
1145,전라북도,마을기업육성지원,486 
1146,전라북도,"마을기업지정(신규,재지정,예비)",432 
1147,전라북도,사회적경제기업제품판매지원,210 
1148,전라북도,사회적경제성장기업육성,250 
1149,전라북도,사회적경제지원,466 
1150,전라북도,사회적기업육성,46 
1151,전라북도,전북사회적경제기업제품디자인개발지원,100 
1152,전라북도,전통시장화재공제가입지원,59 
1153,전라북도,청년창업활성화지원(지역주도형청년일자리),"3,238 "
1154,전라북도,자동차부품경쟁력강화기술개발사업,"3,000 "
1155,전라북도,지역SW기업성장지원(지역SW산업진흥지원),537 
1156,전라북도,지역특성화산업육성(조선기자재사업다각화생태계구축),400 
1157,전라북도,기타지역특성화산업육성(산업·수송용탄소소재부품산업육성),600 
1158,전라북도,금융혁신벤처창업지원사업,500 
1159,전라북도,벤처·창업투자지원,"1,600 "
1160,전라북도,연구개발장비공동활용지원,150 
1161,전라북도,전북섬유공동브랜드운영및활성화지원,100 
1162,전라북도,굴뚝원격감시체계구축및운영,201 
1163,전라북도,사회적경제혁신성장지원사업(국가직접),324 
1164,전라북도,전통시장TV홍보(국가직접),420 
1165,전라북도,초기창업패키지(국가직접),360 
1166,전라북도,특성화시장육성사업(국가직접),140 
1167,전라북도,스마트공장보급·확산사업(국가직접지원),"3,611 "
1168,전라북도,중소기업육성기금조성,"15,200 "
1169,전라북도,일자리창출펀드조성참여(국가직접지원),900 
1170,전라북도,기타지역특성화산업육성(소기업혁신역량강화지원사업)(균특이양),"2,400 "
1171,전라북도,이공분야대학중점연구소지원(국가직접지원),30 
1172,전라북도,기타지역특성화산업육성(전북탄소기업국내외밸류체인구축지원)(균특이양),600 
1173,전라북도,기타지역특성화산업육성(수요맞춤형드론산업육성)(균특이양),600 
1174,전라북도,전기자동차전장부품기업기술개발지원사업,300 
1175,전라북도,자동차기업신시장창출지원사업(균특이양),"1,100 "
1176,전라북도,지역특성화산업전문인력양성(균특이양),"3,060 "
1177,전라북도,지역맞춤형일자리창출지원사업,"1,963 "
1178,전라북도,전라북도수출통합지원시스템구축및운영,"1,000 "
1179,전라북도,중소기업디자인역량강화지원(균특이양),"2,000 "
1180,전라북도,맞춤형입찰정보서비스지원,70 
1181,전라북도,뿌리산업생태계혁신성장지원사업(균특이양),"1,100 "
1182,전라북도,전라북도우수중소기업인상선정지원,230 
1183,전라북도,용산역전북비즈니스라운지운영,80 
1184,제주특별자치도,중소기업육성자금지원,"28,324 "
1185,제주특별자치도,골목상권경쟁력강화,"3,543 "
1186,제주특별자치도,위생시설개선자금융자지원,700 
1187,제주특별자치도,관광산업민간투자지원,"15,600 "
1188,제주특별자치도,기업기술지원,793 
1189,제주특별자치도,스마트그리드산업육성,279 
1190,제주특별자치도,제주전략산업기획단운영사업,"6,009 "
1191,제주특별자치도,융복합기술산업화지원,400 
1192,제주특별자치도,첨단제조기업생산인프라확충,90 
1193,제주특별자치도,지식재산창출지원,"1,260 "
1194,제주특별자치도,지역SW융합제품상용화지원사업,629 
1195,제주특별자치도,제주지역ICT신기술개발및고도화,120 
1196,제주특별자치도,일자리우수기업지원,186 
1197,제주특별자치도,청년취업지원,"4,038 "
1198,제주특별자치도,중장년취업지원,"2,097 "
1199,제주특별자치도,일자리정책지원,"1,347 "
1200,제주특별자치도,지역주도형청년일자리사업,"2,655 "
1201,제주특별자치도,통상수출지원,"2,238 "
1202,제주특별자치도,수출산업마케팅행사지원,105 
1203,제주특별자치도,지역산업마케팅지원,674 
1204,제주특별자치도,농산물수출물류비지원,"2,112 "
1205,제주특별자치도,중소기업제품판로지원,"1,104 "
1206,제주특별자치도,공동물류센터운영지원,452 
1207,제주특별자치도,지역SW성장지원사업,328 
1208,제주특별자치도,중소기업제품마케팅강화,314 
1209,제주특별자치도,지역경제활성화시책지원,"1,620 "
1210,제주특별자치도,창업활성화지원,889 
1211,제주특별자치도,수산산업창업투자지원사업,"1,350 "
1212,제주특별자치도,중소기업빅데이터활용지원,60 
1213,제주특별자치도,농촌자원복합산업화지원,"1,820 "
1214,제주특별자치도,기업경영지원,447 
1215,제주특별자치도,제주향토강소기업적극육성,340 
1216,제주특별자치도,사회적기업육성(특행),65 
1217,제주특별자치도,협동조합육성,19 
1218,제주특별자치도,물가관리및소비자보호,234 
1219,제주특별자치도,기업지방이전촉진,936 
1220,제주특별자치도,여성및장애인기업육성지원,286 
1221,제주특별자치도,사회적경제조직육성,"1,750 "
1222,제주특별자치도,관광산업육성,"1,985 "
1223,제주특별자치도,굴뚝원격감시체계구축,27 
1224,제주특별자치도,제주식품산업경쟁력강화,74 
1225,제주특별자치도,지역전략산업육성사업(기업지원서비스),"1,222 "
1226,제주특별자치도,소상공인지원,"1,129 "
1227,제주특별자치도,사회적기업육성(제주시),"3,453 "
1228,제주특별자치도,사회적기업사업개발(제주시),823 
1229,제주특별자치도,사회적기업사회보험료(제주시),232 
1230,제주특별자치도,사회적기업사업개발(서귀포시),320 
1231,제주특별자치도,사회적기업사회보험료(서귀포시),13 
1232,제주특별자치도,사회적기업재정지원사업(서귀포시),"1,223 "
1233,충청남도,식품위생업소시설개선,250 
1234,충청남도,중소기업수출기반구축,911 
1235,충청남도,지역산업마케팅지원(해외바이어발굴)(전환사업),300 
1236,충청남도,지역산업마케팅지원(해외시장개척),"2,775 "
1237,충청남도,농촌융복합산업육성,583 
1238,충청남도,농촌자원복합산업화지원(도)(전환사업),570 
1239,충청남도,농촌자원복합산업화지원(시군자본),"4,859 "
1240,충청남도,공예문화산업육성,46 
1241,충청남도,사업개발비지원사업(사회적기업),493 
1242,충청남도,사회적기업사회보험료지원사업,360 
1243,충청남도,사회적기업일자리창출사업,"4,580 "
1244,충청남도,지역산업육성지원,"1,230 "
1245,충청남도,충남디스플레이품질고도화및사업화지원사업,500 
1246,충청남도,가업승계준비기업지원,51 
1247,충청남도,기업애로해소지원,135 
1248,충청남도,기업활동지원,44 
1249,충청남도,벤처기업디자인개발지원,170 
1250,충청남도,벤처창업촉진공동마케팅지원,74 
1251,충청남도,소상공인육성지원,"41,167 "
1252,충청남도,소상공인지원,"10,038 "
1253,충청남도,시장경영혁신지원,40 
1254,충청남도,전통시장경영현대화지원,290 
1255,충청남도,전통시장시설현대화(시·군),110 
1256,충청남도,전통시장시설현대화지원(전환사업),"4,000 "
1257,충청남도,중소기업비즈니스콜라보(Collabo)사업,251 
1258,충청남도,중소기업유튜브동영상제작지원,176 
1259,충청남도,중소기업육성기금운용,"18,000 "
1260,충청남도,중소기업제품구매촉진및판로확대,148 
1261,충청남도,충남형챔피언기업육성사업,87 
1262,충청남도,충청권중소벤처기업박람회,140 
1263,충청남도,수산물해외시장개척지원,393 
1264,충청남도,ESS전지시스템기능안전성설계기술지원사업,315 
1265,충청남도,충남도-발전3사상생협력사업,500 
1266,충청남도,디스플레이업체의태양광통합유지관리부품장비기업육성사업(충남TP),285 
1267,충청남도,한국산업기술시험원-충남테크노파크기관협력기업지원사업,315 
1268,충청남도,고용우수기업지원,312 
1269,충청남도,충남국방벤처센터사업지원,400 
1270,충청남도,굴뚝자동측정기기설치·운영관리비지원,310 
1271,충청남도,소규모사업장방지시설설치지원,"4,650 "
1272,충청남도,영세배출사업장기술지도,36 
1273,충청남도,충남콘텐츠기업육성센터운영,"1,980 "
1274,충청남도,스마트공장구축지원,"1,340 "
1275,충청남도,지역지식재산창출·창업지원사업,"1,405 "
1276,충청남도,충남S/W융합산업육성사업,"2,480 "
1277,충청남도,기술거래촉진네트워크지원,230 
1278,충청남도,소형전기상용차부품기업육성,"1,040 "
1279,충청남도,수소연료전지차부품실용화및산업기반육성,"1,469 "
1280,충청남도,지역연고산업육성사업(국가직접사업),60 
1281,충청남도,지역특화(주력)산업육성지원,"4,166 "
1282,충청남도,1인창조기업비즈니스센터운영,10 
1283,충청남도,글로벌강소기업육성지원(국가직접지원),600 
1284,충청남도,전통시장경영현대화지원(국가직접지원),35 
1285,충청남도,전통시장홍보지원(국가직접지원),25 
1286,충청남도,창업보육센터및기업지원(국가직접지원),700 
1287,충청남도,충남창조경제혁신센터지원사업(국가직접지원),"1,000 "
1288,충청남도,TV홈쇼핑입점지원,147 
1289,충청북도,간판이아름다운시범거리조성,120 
1290,충청북도,e-기업사랑센터운영,114 
1291,충청북도,공공조달시장진출경쟁력강화지원,30 
1292,충청북도,기업애로지원센터운영,85 
1293,충청북도,기업정주여건개선사업추진,"2,000 "
1294,충청북도,기업체품질분임조활성화지원,27 
1295,충청북도,메인비즈(MainBiz)인증획득지원,10 
1296,충청북도,소상공인육성자금이차보전,"5,270 "
1297,충청북도,여성기업육성및지원,81 
1298,충청북도,우수전통시장선정지원,60 
1299,충청북도,장애인기업육성및지원,22 
1300,충청북도,전국전통시장박람회참가지원,16 
1301,충청북도,전통시장마케팅지원,60 
1302,충청북도,전통시장및상점가배송도우미운영지원,112 
1303,충청북도,전통시장시설현대화사업,"2,853 "
1304,충청북도,전통시장주차환경개선사업(건립),"8,278 "
1305,충청북도,전통시장화재공제가입지원,137 
1306,충청북도,전통시장활성화를위한특화사업발굴지원,60 
1307,충청북도,중소·벤처기업판로지원,45 
1308,충청북도,중소기업TV홈쇼핑지원사업,75 
1309,충청북도,중소기업공제사업이차보전,130 
1310,충청북도,중소기업기술지원단운영,30 
1311,충청북도,중소기업맞춤형품질경쟁력강화,20 
1312,충청북도,중소기업육성자금이차보전,"8,182 "
1313,충청북도,중소기업육성자금지원,"47,000 "
1314,충청북도,중소기업전시박람회참가지원,113 
1315,충청북도,중소기업협동조합활성화지원,97 
1316,충청북도,창업보육센터운영활성화,221 
1317,충청북도,충청권중소·벤처기업박람회개최,140 
1318,충청북도,충청북도대중소기업구매상담회,120 
1319,충청북도,무역통상사업(전환사업),"5,800 "
1320,충청북도,농식품수출물류비지원,780 
1321,충청북도,수출농식품포장재제작지원,96 
1322,충청북도,지자체수출전략상품육성지원,78 
1323,충청북도,농식품글로벌온라인마켓입점지원,30 
1324,충청북도,농식품해외마케팅지원,"1,060 "
1325,충청북도,굴뚝자동측정기기설치·운영관리비지원,212 
1326,충청북도,국내식품전시회참가지원,30 
1327,충청북도,수출농식품가공공장시설현대화,70 
1328,충청북도,식품소재및반가공산업육성,420 
1329,충청북도,지역우수전통주활성화지원,14 
1330,충청북도,농촌공동체회사우수사업지원,116 
1331,충청북도,마을기업육성사업,814 
1332,충청북도,사회적경제기업사업개발비지원사업,"1,067 "
1333,충청북도,사회적기업육성(일자리창출),"3,791 "
1334,충청북도,사회적기업활성화지원사업,133 
1335,충청북도,협동조합활성화추진,35 
1336,충청북도,고부가가치바이오산업연구개발사업육성,415 
1337,충청북도,바이오창업아카데미개설및운영,200 
1338,충청북도,의료기기산업육성,155 
1339,충청북도,이노비즈(Inno-Biz)인증획득지원사업,12 
1340,충청북도,코로나위기극복뿌리기술산업경쟁력강화지원,200 
1341,충청북도,충북중소기업B2B비즈니스매칭엑스포,30 
1342,충청북도,시설개선융자지원,300 
1343,충청북도,ICT벤처중소기업기술개발지원,200 
1344,충청북도,소기업형스마트공장구축지원,927 
1345,충청북도,중소기업스마트화역량강화지원,176 
1346,충청북도,스마트공장보급·확산사업,"1,489 "
1347,충청북도,지역SW기업성장지원,400 
1348,충청북도,솔라밸리조성,201 
1349,충청북도,솔라페스티벌,600 
1350,충청북도,충북태양광발전자금이차보전,386 
1351,충청북도,여성친화기업환경조성,20 
1352,충청북도,창업여성지원,50 
1353,충청북도,유기가공식품인증비용지원,13 
1354,충청북도,유기가공식품포장재지원,66 
1355,충청북도,고용우수기업지원사업,400 
1356,충청북도,청년창업지원,180 
1357,충청북도,청년행복일터지원,683 
1358,충청북도,농공단지조성,"1,161 "
1359,충청북도,수도권이전기업지원,"24,600 "
1360,충청북도,공공기관연관산업기업유치등지원사업,200 
1361,충청북도,뷰티산업육성기반구축,200 
1362,충청북도,한방·천연물연구개발강화,306 
1363,충청북도,화장품뷰티산업엑스포개최,"2,800 "
1364,충청북도,글로벌강소기업육성사업,518 
1365,충청북도,메이커스페이스구축·운영지원사업,50 
1366,충청북도,전통시장특성화추진,576 
1367,충청북도,지식재산창출지원및창업촉진,"1,880 "
1368,충청북도,창업도약패키지지원사업,105 
1369,충청북도,충북우수시장박람회개최,100 
1370,충청북도,충북창조경제혁신센터운영지원,"1,500 "
1371,충청북도,기술거래촉진네트워크사업,200 
1372,충청북도,지역주력산업육성사업,"3,905 "
1373,충청북도,ICT디바이스랩운영,160 
1374,충청북도,지역SW서비스사업화지원,492 
1375,충청북도,선도형시범공장확충지원,168 
1376,충청북도,지역SW품질역량센터운영관리,70 
1377,충청북도,도내투자기업지원,"4,400 "
1378,충청북도,공장설립관리정보망운영,48 
1379,충청북도,충청북도농공단지협의회운영지원,20 
1380,충청북도,중소기업온라인마케팅활성화지원,160 
1381,충청북도,농식품수출기업육성지원,290 
1382,충청북도,충북김치수출세계화지원사업,100 
1383,충청북도,사회적기업육성(사회보험료지원),316 
1384,충청북도,국제통상기반조성,72 
